tick,event,id
30,destruction_sound,-1
95,ground_contact,11
95,impact_sound,11
97,ground_contact,2
100,ground_contact,16
100,impact_sound,16
102,ground_contact,15
104,ground_contact,2
104,impact_sound,2
104,ground_contact,3
106,ground_contact,10
106,ground_contact,14
106,ground_contact,21
106,ground_contact,31
108,ground_contact,19
108,impact_sound,19
109,ground_contact,13
109,ground_contact,24
110,ground_contact,12
110,ground_contact,22
111,ground_contact,17
111,impact_sound,17
112,ground_contact,0
113,ground_contact,2
113,ground_contact,29
114,ground_contact,4
114,impact_sound,4
114,ground_contact,20
114,ground_contact,31
115,ground_contact,9
116,ground_contact,5
116,ground_contact,8
116,ground_contact,27
117,ground_contact,18
117,impact_sound,18
118,ground_contact,1
118,ground_contact,23
119,ground_contact,15
120,ground_contact,3
120,impact_sound,3
120,ground_contact,10
120,ground_contact,22
121,ground_contact,6
121,ground_contact,12
122,ground_contact,7
122,ground_contact,21
123,ground_contact,10
123,impact_sound,10
124,ground_contact,3
124,ground_contact,11
124,ground_contact,14
124,ground_contact,22
124,ground_contact,30
124,ground_contact,31
125,ground_contact,12
126,ground_contact,26
126,impact_sound,26
127,ground_contact,24
127,ground_contact,25
129,ground_contact,8
129,impact_sound,8
129,ground_contact,22
129,ground_contact,25
129,ground_contact,28
130,ground_contact,4
130,ground_contact,16
130,ground_contact,19
131,ground_contact,9
131,ground_contact,13
131,ground_contact,24
132,ground_contact,4
132,impact_sound,4
134,ground_contact,2
134,ground_contact,21
135,ground_contact,25
135,impact_sound,25
136,ground_contact,11
138,ground_contact,2
138,impact_sound,2
138,ground_contact,25
141,ground_contact,22
141,impact_sound,22
143,ground_contact,6
143,ground_contact,27
144,ground_contact,9
144,impact_sound,9
144,ground_contact,15
145,ground_contact,1
145,ground_contact,11
145,ground_contact,14
145,ground_contact,16
145,ground_contact,28
146,ground_contact,10
146,ground_contact,21
146,ground_contact,22
147,ground_contact,7
147,impact_sound,7
147,ground_contact,14
147,ground_contact,18
148,ground_contact,19
149,ground_contact,0
149,ground_contact,1
149,ground_contact,5
150,ground_contact,2
150,impact_sound,2
150,ground_contact,11
150,ground_contact,13
150,ground_contact,17
150,ground_contact,24
151,ground_contact,28
151,ground_contact,31
152,ground_contact,16
153,ground_contact,2
153,impact_sound,2
153,ground_contact,4
153,ground_contact,17
154,ground_contact,3
154,ground_contact,8
154,ground_contact,9
154,ground_contact,12
154,ground_contact,22
155,ground_contact,0
155,ground_contact,30
156,ground_contact,19
156,impact_sound,19
156,ground_contact,27
157,ground_contact,23
158,ground_contact,15
158,ground_contact,21
158,ground_contact,24
160,ground_contact,13
160,impact_sound,13
160,ground_contact,21
160,ground_contact,29
161,ground_contact,16
162,ground_contact,20
162,ground_contact,29
164,ground_contact,2
164,impact_sound,2
164,ground_contact,6
164,ground_contact,15
164,ground_contact,16
164,ground_contact,17
165,ground_contact,7
165,ground_contact,18
166,ground_contact,0
166,ground_contact,1
166,ground_contact,3
167,ground_contact,7
167,impact_sound,7
168,ground_contact,0
168,ground_contact,3
168,ground_contact,9
170,ground_contact,6
170,impact_sound,6
170,ground_contact,17
171,ground_contact,2
171,ground_contact,27
172,ground_contact,8
172,ground_contact,16
173,ground_contact,0
173,impact_sound,0
173,ground_contact,26
173,ground_contact,29
174,ground_contact,17
175,ground_contact,18
175,ground_contact,30
177,ground_contact,24
177,impact_sound,24
177,ground_contact,30
179,ground_contact,3
179,ground_contact,4
179,ground_contact,8
179,ground_contact,14
179,ground_contact,31
180,ground_contact,5
180,impact_sound,5
180,ground_contact,15
181,ground_contact,0
182,ground_contact,1
182,ground_contact,6
182,ground_contact,21
184,ground_contact,3
184,impact_sound,3
184,ground_contact,14
184,ground_contact,29
185,ground_contact,27
185,ground_contact,31
186,ground_contact,8
186,ground_contact,24
187,ground_contact,4
187,impact_sound,4
187,ground_contact,16
187,ground_contact,18
187,ground_contact,27
188,ground_contact,6
188,ground_contact,26
188,ground_contact,29
188,ground_contact,31
189,ground_contact,18
189,ground_contact,20
190,ground_contact,27
190,impact_sound,27
191,ground_contact,1
192,ground_contact,4
192,ground_contact,6
192,ground_contact,8
192,ground_contact,17
192,ground_contact,20
193,ground_contact,24
193,impact_sound,24
193,ground_contact,26
194,ground_contact,23
194,ground_contact,27
195,ground_contact,1
196,ground_contact,31
196,impact_sound,31
197,ground_contact,0
197,ground_contact,3
197,ground_contact,17
197,ground_contact,23
197,ground_contact,27
198,ground_contact,7
198,ground_contact,15
198,ground_contact,18
199,ground_contact,5
199,impact_sound,5
199,ground_contact,30
200,ground_contact,18
200,ground_contact,29
200,ground_contact,31
202,ground_contact,24
202,impact_sound,24
203,ground_contact,4
203,ground_contact,6
204,ground_contact,7
204,ground_contact,18
204,ground_contact,26
204,ground_contact,30
206,ground_contact,3
206,impact_sound,3
206,ground_contact,17
206,ground_contact,20
206,ground_contact,29
207,ground_contact,14
209,ground_contact,26
209,impact_sound,26
209,ground_contact,27
210,ground_contact,18
211,ground_contact,17
211,ground_contact,20
212,ground_contact,5
212,impact_sound,5
213,ground_contact,4
213,ground_contact,20
214,ground_contact,24
214,ground_contact,31
216,ground_contact,7
216,impact_sound,7
216,ground_contact,26
217,ground_contact,16
217,ground_contact,20
218,ground_contact,4
220,ground_contact,30
220,impact_sound,30
220,ground_contact,31
221,ground_contact,5
222,ground_contact,7
223,ground_contact,31
223,impact_sound,31
224,ground_contact,20
225,ground_contact,31
226,ground_contact,20
226,impact_sound,20
230,ground_contact,17
230,impact_sound,17
230,ground_contact,30
232,ground_contact,7
233,ground_contact,17
233,impact_sound,17
236,ground_contact,7
236,impact_sound,7
236,ground_contact,17
238,ground_contact,30
239,ground_contact,17
239,impact_sound,17
242,ground_contact,17
242,impact_sound,17
242,ground_contact,30
243,ground_contact,1
244,ground_contact,7
245,ground_contact,1
245,impact_sound,1
247,ground_contact,7
249,ground_contact,7
249,impact_sound,7
258,ground_contact,14
258,impact_sound,14
261,ground_contact,14
261,impact_sound,14
265,ground_contact,7
265,impact_sound,7
