unix_seconds,tick,interval_ms,physics_ms,active,sleeping,capture_overlap
1789336326.081683,2,1.790000,0.000000,32,0,0
1789336326.206828,10,125.147000,0.000000,32,0,0
1789336326.260550,14,53.722000,0.000000,32,0,0
1789336326.291448,16,30.897000,0.000000,32,0,0
1789336326.324434,18,32.988000,0.000000,32,0,0
1789336326.356357,20,31.922000,0.000000,32,0,0
1789336326.387158,22,30.802000,0.000000,32,0,0
1789336326.415352,24,28.194000,0.000000,32,0,0
1789336326.445398,25,30.045000,0.000000,32,0,0
1789336326.477231,27,31.834000,0.000000,32,0,0
1789336326.505509,29,28.276000,0.000000,32,0,0
1789336326.535722,31,30.215000,0.000000,32,0,0
1789336326.567509,33,31.788000,0.000000,32,0,0
1789336326.598315,35,30.806000,0.000000,32,0,0
1789336326.633222,37,34.908000,0.000000,32,0,0
1789336326.661780,38,28.558000,0.000000,32,0,0
1789336326.694976,40,33.197000,8.936000,32,0,0
1789336326.729235,42,34.256000,8.936000,32,0,0
1789336326.761964,44,32.732000,8.936000,32,0,0
1789336326.792463,46,30.499000,8.936000,32,0,0
1789336326.823971,48,31.508000,8.936000,32,0,0
1789336326.860045,50,36.073000,8.936000,32,0,0
1789336326.894605,52,34.559000,8.936000,32,0,0
1789336326.931964,54,37.362000,8.936000,32,0,0
1789336326.966893,56,34.927000,8.936000,32,0,0
1789336326.999226,58,32.335000,8.936000,32,0,0
1789336327.034716,60,35.491000,8.936000,32,0,0
1789336327.071012,62,36.297000,8.936000,32,0,0
1789336327.111079,64,40.064000,8.936000,32,0,0
1789336327.141481,66,30.405000,8.936000,32,0,0
1789336327.172468,68,30.988000,8.936000,32,0,0
1789336327.206222,70,33.753000,8.936000,32,0,0
1789336327.240893,72,34.671000,8.936000,32,0,0
1789336327.273374,74,32.482000,8.936000,32,0,0
1789336327.306093,76,32.719000,8.936000,32,0,0
1789336327.339460,78,33.367000,8.936000,32,0,0
1789336327.369392,80,29.930000,8.936000,32,0,0
1789336327.407594,82,38.202000,8.936000,32,0,0
1789336327.446914,84,39.323000,8.936000,32,0,0
1789336327.486981,87,40.066000,8.936000,32,0,0
1789336327.520804,89,33.822000,8.936000,32,0,0
1789336327.552390,91,31.588000,8.936000,32,0,0
1789336327.590905,93,38.516000,8.936000,32,0,0
1789336327.630457,95,39.551000,8.936000,32,0,0
1789336327.663181,97,32.726000,8.936000,32,0,0
1789336327.700499,100,37.319000,1.161000,32,0,0
1789336327.736988,102,36.489000,1.161000,32,0,0
1789336327.774358,104,37.370000,1.161000,32,0,0
1789336327.811215,106,36.856000,1.161000,32,0,0
1789336327.849703,109,38.490000,1.161000,32,0,0
1789336327.887308,111,37.605000,1.161000,32,0,0
1789336327.923495,113,36.188000,1.161000,32,0,0
1789336327.959266,115,35.770000,1.161000,32,0,0
1789336327.996167,117,36.895000,1.161000,32,0,0
1789336328.036014,120,39.854000,1.161000,32,0,0
1789336328.070683,122,34.669000,1.161000,32,0,0
1789336328.100095,124,29.412000,1.161000,32,0,0
1789336328.131973,126,31.879000,1.161000,32,0,0
1789336328.161216,128,29.243000,1.161000,32,0,0
1789336328.194595,130,33.378000,1.161000,32,0,0
1789336328.229867,132,35.275000,1.161000,32,0,0
1789336328.259677,134,29.809000,1.161000,32,0,0
1789336328.298644,137,38.964000,1.161000,32,0,0
1789336328.329479,138,30.837000,1.161000,32,0,0
1789336328.368676,140,39.199000,1.161000,32,1,0
1789336328.402504,142,33.824000,1.161000,32,1,0
1789336328.428715,144,26.215000,1.161000,32,1,0
1789336328.461283,146,32.557000,1.161000,32,2,0
1789336328.493567,148,32.294000,1.161000,32,2,0
1789336328.526860,150,33.295000,1.161000,32,2,0
1789336328.557864,152,31.004000,1.161000,32,2,0
1789336328.592613,154,34.747000,1.161000,32,2,0
1789336328.626191,156,33.578000,1.161000,32,2,0
1789336328.655463,158,29.276000,1.161000,32,3,0
1789336328.683294,159,27.830000,1.119000,32,3,0
1789336328.713647,161,30.352000,1.119000,32,3,0
1789336328.750240,163,36.592000,1.119000,32,3,0
1789336328.778366,165,28.129000,1.119000,32,3,0
1789336328.809672,167,31.307000,1.119000,32,3,0
1789336328.841813,169,32.141000,1.119000,32,3,0
1789336328.873094,171,31.282000,1.119000,32,3,0
1789336328.902805,173,29.711000,1.119000,32,5,0
1789336328.929434,174,26.628000,1.119000,32,5,0
1789336328.955419,176,25.985000,1.119000,32,6,0
1789336328.984612,178,29.195000,1.119000,32,7,0
1789336329.012019,179,27.404000,1.119000,32,7,0
1789336329.041085,181,29.068000,1.119000,32,8,0
1789336329.067358,183,26.273000,1.119000,32,9,0
1789336329.098060,185,30.702000,1.119000,32,9,0
1789336329.124986,186,26.924000,1.119000,32,9,0
1789336329.153339,188,28.357000,1.119000,32,9,0
1789336329.183713,190,30.373000,1.119000,32,9,0
1789336329.211893,191,28.180000,1.119000,32,9,0
1789336329.244399,193,32.504000,1.119000,32,9,0
1789336329.277337,195,32.938000,1.119000,32,9,0
1789336329.310122,197,32.785000,1.119000,32,9,0
1789336329.340753,198,30.632000,1.119000,32,9,0
1789336329.373681,200,32.927000,1.119000,32,12,0
1789336329.405164,202,31.487000,1.119000,32,12,0
1789336329.434864,204,29.701000,1.119000,32,14,0
1789336329.465240,206,30.376000,1.119000,32,16,0
1789336329.499301,208,34.058000,1.119000,32,16,0
1789336329.528247,209,28.947000,1.119000,32,17,0
1789336329.558275,211,30.028000,1.119000,32,18,0
1789336329.587762,213,29.489000,1.119000,32,19,0
1789336329.617719,215,29.956000,1.119000,32,20,0
1789336329.644567,217,26.851000,1.119000,32,21,0
1789336329.667643,218,23.076000,1.275000,32,21,0
1789336329.693632,220,25.990000,1.275000,32,21,0
1789336329.715321,222,21.689000,1.275000,32,22,0
1789336329.745836,223,30.514000,1.275000,32,22,0
1789336329.774222,225,28.386000,1.275000,32,22,0
1789336329.800728,227,26.507000,1.275000,32,23,0
1789336329.825198,228,24.469000,1.275000,32,23,0
1789336329.851330,230,26.134000,1.275000,32,23,0
1789336329.876976,231,25.645000,1.275000,32,23,0
1789336329.903252,233,26.276000,1.275000,32,24,0
1789336329.932956,235,29.705000,1.275000,32,25,0
1789336329.957961,236,25.005000,1.275000,32,25,0
1789336329.985858,238,27.898000,1.275000,32,26,0
1789336330.014710,240,28.853000,1.275000,32,27,0
1789336330.039633,241,24.919000,1.275000,32,27,0
1789336330.065439,243,25.809000,1.275000,32,27,0
1789336330.091200,244,25.759000,1.275000,32,27,0
1789336330.122240,246,31.039000,1.275000,32,27,0
1789336330.154057,248,31.818000,1.275000,32,28,0
1789336330.181876,249,27.821000,1.275000,32,28,0
1789336330.209264,251,27.389000,1.275000,32,28,0
1789336330.239647,253,30.382000,1.275000,32,28,0
1789336330.264672,254,25.025000,1.275000,32,28,0
1789336330.294218,256,29.548000,1.275000,32,28,0
1789336330.323983,258,29.762000,1.275000,32,29,0
1789336330.352157,259,28.162000,1.275000,32,29,0
1789336330.383751,261,31.607000,1.275000,32,29,0
1789336330.413563,263,29.815000,1.275000,32,30,0
1789336330.442118,264,28.554000,1.275000,32,31,0
1789336330.470387,266,28.270000,1.275000,32,31,0
1789336330.502392,268,32.005000,1.275000,32,31,0
1789336330.533603,270,31.209000,1.275000,32,31,0
1789336330.560096,271,26.492000,1.275000,32,31,0
1789336330.586923,273,26.831000,1.275000,32,31,0
1789336330.614419,275,27.497000,1.275000,32,31,0
1789336330.644989,276,30.569000,1.275000,32,31,0
1789336330.676791,278,31.800000,1.008000,32,31,0
1789336330.704680,280,27.891000,1.008000,32,31,0
1789336330.732443,282,27.762000,1.008000,32,31,0
1789336330.763692,284,31.249000,1.008000,32,31,0
1789336330.791727,285,28.034000,1.008000,32,31,0
1789336330.818939,287,27.203000,1.008000,32,31,0
1789336330.845369,289,26.443000,1.008000,32,31,0
1789336330.872111,291,26.743000,1.008000,32,31,0
1789336330.895502,292,23.391000,1.008000,32,31,0
1789336330.922536,294,27.034000,1.008000,32,31,0
1789336330.952179,296,29.643000,1.008000,32,32,0
1789336330.977318,297,25.139000,1.008000,32,32,0
1789336331.004168,299,26.851000,1.008000,32,32,0
1789336331.034391,301,30.223000,1.008000,32,32,0
1789336331.060409,302,26.018000,1.008000,32,32,0
1789336331.087378,304,26.967000,1.008000,32,32,0
1789336331.119608,306,32.233000,1.008000,32,32,0
1789336331.149885,308,30.274000,1.008000,32,32,0
1789336331.179685,309,29.801000,1.008000,32,32,0
1789336331.205672,311,25.987000,1.008000,32,32,0
1789336331.229104,312,23.433000,1.008000,32,32,0
1789336331.256561,314,27.460000,1.008000,32,32,0
1789336331.284495,316,27.933000,1.008000,32,32,0
1789336331.309071,317,24.573000,1.008000,32,32,0
1789336331.335630,319,26.559000,1.008000,32,32,0
1789336331.365612,321,29.985000,1.008000,32,32,0
1789336331.392641,322,27.029000,1.008000,32,32,0
1789336331.416504,324,23.864000,1.008000,32,32,0
1789336331.443317,325,26.813000,1.008000,32,32,0
1789336331.470674,327,27.357000,1.008000,32,32,0
1789336331.500367,329,29.690000,1.008000,32,32,0
1789336331.524115,330,23.749000,1.008000,32,32,0
1789336331.547283,332,23.172000,1.008000,32,32,0
1789336331.571138,333,23.853000,1.008000,32,32,0
1789336331.593213,334,22.073000,1.008000,32,32,0
1789336331.618717,336,25.507000,1.008000,32,32,0
1789336331.641862,337,23.146000,1.008000,32,32,0
1789336331.672522,339,30.660000,1.008000,32,32,0
1789336331.697370,340,24.846000,0.970000,32,32,0
1789336331.722406,342,25.039000,0.970000,32,32,0
1789336331.746380,343,23.973000,0.970000,32,32,0
1789336331.779665,345,33.284000,0.970000,32,32,0
1789336331.803816,346,24.153000,0.970000,32,32,0
1789336331.827384,348,23.569000,0.970000,32,32,0
1789336331.848527,349,21.142000,0.970000,32,32,0
1789336331.871629,351,23.103000,0.970000,32,32,0
1789336331.894595,352,22.965000,0.970000,32,32,0
1789336331.919815,353,25.217000,0.970000,32,32,0
1789336331.944978,355,25.168000,0.970000,32,32,0
1789336331.972632,356,27.653000,0.970000,32,32,0
1789336331.997807,358,25.176000,0.970000,32,32,0
1789336332.025724,359,27.915000,0.970000,32,32,0
1789336332.054408,361,28.686000,0.970000,32,32,0
1789336332.082576,363,28.169000,0.970000,32,32,0
1789336332.111428,364,28.847000,0.970000,32,32,0
1789336332.144046,366,32.621000,0.970000,32,32,0
1789336332.170416,368,26.373000,0.970000,32,32,0
1789336332.198799,370,28.383000,0.970000,32,32,0
1789336332.231116,372,32.316000,0.970000,32,32,0
1789336332.260548,373,29.432000,0.970000,32,32,0
1789336332.288544,375,27.996000,0.970000,32,32,0
1789336332.316035,377,27.493000,0.970000,32,32,0
1789336332.339193,379,23.157000,0.970000,32,32,0
1789336332.363559,380,24.366000,0.970000,32,32,0
1789336332.387832,382,24.275000,0.970000,32,32,0
1789336332.420125,384,32.293000,0.970000,32,32,0
1789336332.442317,385,22.191000,0.970000,32,32,0
1789336332.471061,387,28.743000,0.970000,32,32,0
1789336332.497479,389,26.421000,0.970000,32,32,0
1789336332.523033,390,25.553000,0.970000,32,32,0
1789336332.545382,391,22.348000,0.970000,32,32,0
1789336332.571784,393,26.404000,0.970000,32,32,0
1789336332.598952,394,27.165000,0.970000,32,32,0
1789336332.625662,396,26.711000,0.970000,32,32,0
1789336332.651565,397,25.904000,0.970000,32,32,0
1789336332.678269,399,26.703000,3.277000,32,32,0
1789336332.707510,400,29.243000,3.277000,32,32,0
1789336332.732941,402,25.416000,3.277000,32,32,0
1789336332.758852,403,25.924000,3.277000,32,32,0
1789336332.789910,405,31.061000,3.277000,32,32,0
1789336332.820853,407,30.940000,3.277000,32,32,0
1789336332.849473,409,28.624000,3.277000,32,32,0
1789336332.875423,410,25.950000,3.277000,32,32,0
1789336332.901290,412,25.866000,3.277000,32,32,0
1789336332.925757,414,24.469000,3.277000,32,32,0
1789336332.951711,415,25.954000,3.277000,32,32,0
1789336332.977655,417,25.945000,3.277000,32,32,0
1789336333.001637,419,23.981000,3.277000,32,32,0
1789336333.026674,420,25.037000,3.277000,32,32,0
1789336333.055697,422,29.024000,3.277000,32,32,0
1789336333.080751,424,25.053000,3.277000,32,32,0
1789336333.106833,425,26.080000,3.277000,32,32,0
1789336333.137780,427,30.951000,3.277000,32,32,0
1789336333.166107,429,28.327000,3.277000,32,32,0
1789336333.196200,430,30.091000,3.277000,32,32,0
1789336333.227155,432,30.946000,3.277000,32,32,0
1789336333.260320,434,33.177000,3.277000,32,32,0
1789336333.291294,436,30.973000,3.277000,32,32,0
1789336333.316419,437,25.125000,3.277000,32,32,0
1789336333.347780,439,31.363000,3.277000,32,32,0
1789336333.375848,441,28.068000,3.277000,32,32,0
1789336333.400697,442,24.848000,3.277000,32,32,0
1789336333.426908,444,26.212000,3.277000,32,32,0
1789336333.453701,446,26.793000,3.277000,32,32,0
1789336333.479982,447,26.282000,3.277000,32,32,0
1789336333.505703,449,25.720000,3.277000,32,32,0
1789336333.534571,451,28.867000,3.277000,32,32,0
1789336333.559020,452,24.449000,3.277000,32,32,0
1789336333.585013,454,25.995000,3.277000,32,32,0
1789336333.610513,455,25.500000,3.277000,32,32,0
1789336333.632955,457,22.444000,3.277000,32,32,0
1789336333.656771,458,23.813000,3.277000,32,32,0
1789336333.681464,460,24.696000,0.920000,32,32,0
1789336333.706593,461,25.127000,0.920000,32,32,0
1789336333.732649,463,26.057000,0.920000,32,32,0
1789336333.760414,464,27.765000,0.920000,32,32,0
1789336333.790914,466,30.502000,0.920000,32,32,0
1789336333.817343,468,26.426000,0.920000,32,32,0
1789336333.841452,469,24.110000,0.920000,32,32,0
1789336333.867220,471,25.770000,0.920000,32,32,0
1789336333.896848,472,29.624000,0.920000,32,32,0
1789336333.923922,474,27.077000,0.920000,32,32,0
1789336333.953023,475,29.101000,0.920000,32,32,0
1789336333.980841,477,27.820000,0.920000,32,32,0
1789336334.005314,478,24.473000,0.920000,32,32,0
1789336334.030838,480,25.520000,0.920000,32,32,0
1789336334.055975,482,25.145000,0.920000,0,0,0
1789336334.079399,483,23.424000,0.920000,0,0,0
1789336334.102829,485,23.430000,0.920000,0,0,0
1789336334.131995,486,29.166000,0.920000,0,0,0
1789336334.160864,488,28.869000,0.920000,0,0,0
1789336334.188206,489,27.343000,0.920000,0,0,0
1789336334.217964,491,29.758000,0.920000,0,0,0
1789336334.244707,492,26.743000,0.920000,0,0,0
1789336334.269664,494,24.957000,0.920000,0,0,0
1789336334.294230,496,24.567000,0.920000,0,0,0
1789336334.321657,497,27.428000,0.920000,0,0,0
1789336334.346591,499,24.934000,0.920000,0,0,0
1789336334.371812,500,25.220000,0.920000,0,0,0
1789336334.400990,502,29.179000,0.920000,0,0,0
1789336334.429098,504,28.108000,0.920000,0,0,0
1789336334.457754,505,28.656000,0.920000,0,0,0
1789336334.482171,507,24.418000,0.920000,0,0,0
1789336334.507960,508,25.788000,0.920000,0,0,0
1789336334.540594,510,32.614000,0.920000,192,0,0
1789336334.581310,512,40.715000,0.920000,192,0,0
1789336334.625050,515,43.743000,0.920000,192,0,0
1789336334.657546,517,32.497000,0.920000,192,0,0
1789336334.690644,519,33.089000,5.873000,192,0,0
1789336334.726444,521,35.808000,5.873000,192,0,0
1789336334.762820,523,36.376000,5.873000,192,0,0
1789336334.797223,525,34.403000,5.873000,192,0,0
1789336334.832497,527,35.274000,5.873000,192,0,0
1789336334.872956,530,40.446000,5.873000,192,0,0
1789336334.909143,532,36.202000,5.873000,192,0,0
1789336334.945811,534,36.668000,5.873000,192,0,0
1789336334.977759,536,31.948000,5.873000,192,0,0
1789336335.011868,538,34.101000,5.873000,192,0,0
1789336335.047575,541,35.706000,5.873000,192,0,0
1789336335.084883,543,37.319000,5.873000,192,0,0
1789336335.122368,545,37.484000,5.873000,192,0,0
1789336335.164940,548,42.561000,5.873000,192,0,0
1789336335.201184,550,36.256000,5.873000,192,0,0
1789336335.242472,552,41.289000,5.873000,192,0,0
1789336335.277423,554,34.951000,5.873000,192,0,0
1789336335.315444,556,38.023000,5.873000,192,0,0
1789336335.355452,559,40.007000,5.873000,192,0,0
1789336335.390885,561,35.433000,5.873000,192,0,0
1789336335.427575,563,36.691000,5.873000,192,0,0
1789336335.464030,565,36.455000,5.873000,192,0,0
1789336335.497012,567,32.981000,5.873000,192,0,0
1789336335.534377,570,37.367000,5.873000,192,0,0
1789336335.575049,573,40.671000,5.873000,192,0,0
1789336335.612803,575,37.756000,5.873000,192,0,0
1789336335.649453,577,36.648000,5.873000,192,0,0
1789336335.684208,579,34.754000,2.766000,192,0,0
1789336335.721502,581,37.297000,2.766000,192,0,0
1789336335.755612,583,34.111000,2.766000,192,0,0
1789336335.791117,586,35.505000,2.766000,192,0,0
1789336335.826417,588,35.287000,2.766000,192,0,0
1789336335.862216,590,35.811000,2.766000,192,0,0
1789336335.900228,592,38.012000,2.766000,192,0,0
1789336335.938671,594,38.437000,2.766000,192,0,0
1789336335.979143,597,40.481000,2.766000,192,0,0
1789336336.016803,599,37.660000,2.766000,192,0,0
1789336336.056629,601,39.826000,2.766000,192,0,0
1789336336.097120,603,40.489000,2.766000,192,0,0
1789336336.141784,606,44.666000,2.766000,192,0,0
1789336336.179433,608,37.651000,2.766000,192,0,0
1789336336.218917,611,39.473000,2.766000,192,0,0
1789336336.261181,613,42.274000,2.766000,192,0,0
1789336336.304997,616,43.817000,2.766000,192,0,0
1789336336.336292,618,31.296000,2.766000,192,0,0
1789336336.371550,621,35.258000,2.766000,192,0,0
1789336336.407007,623,35.454000,2.766000,192,0,0
1789336336.445915,625,38.910000,2.766000,192,0,0
1789336336.480385,627,34.471000,2.766000,192,0,0
1789336336.514908,629,34.524000,2.766000,192,0,0
1789336336.551163,631,36.235000,2.766000,192,0,0
1789336336.591875,634,40.733000,2.766000,192,0,0
1789336336.624614,636,32.737000,2.766000,192,0,0
1789336336.657596,638,32.984000,2.766000,192,0,0
1789336336.691185,640,33.590000,6.048000,192,0,0
1789336336.721962,642,30.774000,6.048000,192,0,0
1789336336.758505,644,36.531000,6.048000,192,0,0
1789336336.798805,646,40.314000,6.048000,192,0,0
1789336336.835178,648,36.362000,6.048000,192,0,0
1789336336.876406,651,41.239000,6.048000,192,1,0
1789336336.911176,653,34.759000,6.048000,192,1,0
1789336336.945077,655,33.914000,6.048000,192,1,0
1789336336.975985,657,30.907000,6.048000,192,1,0
1789336337.005716,659,29.733000,6.048000,192,2,0
1789336337.040585,661,34.867000,6.048000,192,3,0
1789336337.073413,663,32.813000,6.048000,192,5,0
1789336337.112868,665,39.473000,6.048000,192,7,0
1789336337.146131,667,33.263000,6.048000,192,8,0
1789336337.176776,669,30.645000,6.048000,192,8,0
1789336337.213714,671,36.919000,6.048000,192,9,0
1789336337.249756,673,36.062000,6.048000,192,9,0
1789336337.287476,676,37.710000,6.048000,192,13,0
1789336337.325046,678,37.569000,6.048000,192,13,0
1789336337.358943,680,33.882000,6.048000,192,16,0
1789336337.396726,682,37.808000,6.048000,192,18,0
1789336337.434743,684,38.018000,6.048000,192,18,0
1789336337.470516,686,35.774000,6.048000,192,22,0
1789336337.509439,688,38.922000,6.048000,192,23,0
1789336337.543441,690,34.004000,6.048000,192,23,0
1789336337.574730,692,31.289000,6.048000,192,23,0
1789336337.610853,694,36.123000,6.048000,192,25,0
1789336337.646672,696,35.820000,6.048000,192,31,0
1789336337.686499,699,39.827000,3.694000,192,35,0
1789336337.723406,701,36.908000,3.694000,192,36,0
1789336337.760798,703,37.392000,3.694000,192,37,0
1789336337.799444,705,38.646000,3.694000,192,42,0
1789336337.836050,708,36.607000,3.694000,192,45,0
1789336337.873206,710,37.155000,3.694000,192,48,0
1789336337.911107,712,37.902000,3.694000,192,49,0
1789336337.956771,715,45.648000,3.694000,192,50,0
1789336337.996063,717,39.309000,3.694000,192,52,0
1789336338.038875,720,42.812000,3.694000,192,57,0
1789336338.080034,722,41.159000,3.694000,192,59,0
1789336338.115994,724,35.961000,3.694000,192,61,0
1789336338.151701,727,35.708000,3.694000,192,63,0
1789336338.186462,729,34.748000,3.694000,192,65,0
1789336338.225862,731,39.413000,3.694000,192,65,0
1789336338.263874,734,38.010000,3.694000,192,67,0
1789336338.303379,736,39.504000,3.694000,192,68,0
1789336338.335454,738,32.075000,3.694000,192,69,0
1789336338.374033,741,38.581000,3.694000,192,73,0
1789336338.413812,743,39.781000,3.694000,192,74,0
1789336338.446707,745,32.896000,3.694000,192,75,0
1789336338.486328,748,39.621000,3.694000,192,77,0
1789336338.525470,750,39.136000,3.694000,192,78,0
1789336338.561841,752,36.375000,3.694000,192,84,0
1789336338.591256,754,29.417000,3.694000,192,86,0
1789336338.620814,756,29.559000,3.694000,192,89,0
1789336338.653077,758,32.263000,3.694000,192,89,0
1789336338.685316,760,32.239000,3.406000,192,90,0
1789336338.721956,762,36.611000,3.406000,192,90,0
1789336338.757090,764,35.162000,3.406000,192,91,0
1789336338.788101,766,31.013000,3.406000,192,93,0
1789336338.819240,768,31.137000,3.406000,192,94,0
1789336338.852559,770,33.316000,3.406000,192,95,0
1789336338.889575,772,37.022000,3.406000,192,96,0
1789336338.923475,774,33.899000,3.406000,192,97,0
1789336338.957116,776,33.642000,3.406000,192,97,0
1789336338.991414,778,34.299000,3.406000,192,97,0
1789336339.026475,780,35.062000,3.406000,192,97,0
1789336339.061689,782,35.214000,3.406000,192,99,0
1789336339.096633,784,34.942000,3.406000,192,99,0
1789336339.132352,786,35.719000,3.406000,192,99,0
1789336339.167072,788,34.723000,3.406000,192,99,0
1789336339.201140,790,34.067000,3.406000,192,100,0
1789336339.234478,792,33.337000,3.406000,192,100,0
1789336339.273945,794,39.446000,3.406000,192,100,0
1789336339.304069,796,30.147000,3.406000,192,100,0
1789336339.338254,798,34.184000,3.406000,192,103,0
1789336339.372546,800,34.293000,3.406000,192,105,0
1789336339.410842,803,38.297000,3.406000,192,109,0
1789336339.441907,805,31.064000,3.406000,192,109,0
1789336339.474500,807,32.592000,3.406000,192,109,0
1789336339.507095,809,32.598000,3.406000,192,111,0
1789336339.537175,811,30.069000,3.406000,192,114,0
1789336339.567889,813,30.725000,3.406000,192,115,0
1789336339.602866,815,34.979000,3.406000,192,118,0
1789336339.636632,817,33.749000,3.406000,192,120,0
1789336339.668248,819,31.632000,3.406000,192,124,0
1789336339.700749,821,32.498000,3.672000,192,127,0
1789336339.740414,823,39.661000,3.672000,192,129,0
1789336339.776250,825,35.844000,3.672000,192,132,0
1789336339.809908,827,33.659000,3.672000,192,134,0
1789336339.845339,829,35.427000,3.672000,192,138,0
1789336339.876678,831,31.341000,3.672000,192,141,0
1789336339.907320,833,30.627000,3.672000,192,144,0
1789336339.937256,835,29.946000,3.672000,192,148,0
1789336339.966612,837,29.361000,3.672000,192,153,0
1789336339.994318,838,27.702000,3.672000,192,153,0
1789336340.026394,840,32.082000,3.672000,192,157,0
1789336340.059474,842,33.076000,3.672000,192,161,0
1789336340.091012,844,31.545000,3.672000,192,164,0
1789336340.122584,846,31.572000,3.672000,192,168,0
1789336340.155768,848,33.167000,3.672000,192,171,0
1789336340.193333,850,37.568000,3.672000,192,174,0
1789336340.225537,852,32.219000,3.672000,192,176,0
1789336340.254858,854,29.321000,3.672000,192,177,0
1789336340.290360,856,35.501000,3.672000,192,179,0
1789336340.322585,858,32.226000,3.672000,192,179,0
1789336340.354550,860,31.966000,3.672000,192,180,0
1789336340.384462,861,29.912000,3.672000,192,180,0
1789336340.413990,863,29.528000,3.672000,192,181,0
1789336340.445866,865,31.875000,3.672000,192,181,0
1789336340.475013,867,29.135000,3.672000,192,181,0
1789336340.505026,869,30.027000,3.672000,192,181,0
1789336340.538852,871,33.826000,3.672000,192,182,0
1789336340.570066,873,31.215000,3.672000,192,182,0
1789336340.601680,875,31.611000,3.672000,192,183,0
1789336340.634577,877,32.901000,3.672000,192,184,0
1789336340.662288,878,27.708000,3.672000,192,184,0
1789336340.693490,880,31.203000,3.392000,192,185,0
1789336340.724419,882,30.928000,3.392000,192,185,0
1789336340.757357,884,32.936000,3.392000,192,185,0
1789336340.787322,886,29.968000,3.392000,192,185,0
1789336340.818815,888,31.491000,3.392000,192,187,0
1789336340.850818,890,31.994000,3.392000,192,187,0
1789336340.883627,892,32.817000,3.392000,192,187,0
1789336340.912297,893,28.673000,3.392000,192,187,0
1789336340.942354,895,30.058000,3.392000,192,187,0
1789336340.973141,897,30.787000,3.392000,192,187,0
1789336341.005225,899,32.070000,3.392000,192,187,0
1789336341.040191,901,34.982000,3.392000,192,91,0
1789336341.076923,903,36.720000,3.392000,192,91,0
1789336341.110506,905,33.592000,3.392000,192,91,0
1789336341.142089,907,31.588000,3.392000,192,92,0
1789336341.172124,908,30.028000,3.392000,192,92,0
1789336341.206263,910,34.144000,3.392000,192,92,0
1789336341.238686,912,32.413000,3.392000,192,92,0
1789336341.268344,914,29.656000,3.392000,192,92,0
1789336341.302441,916,34.101000,3.392000,192,92,0
1789336341.335751,918,33.304000,3.392000,192,92,0
1789336341.370144,920,34.410000,3.392000,192,93,0
1789336341.404532,922,34.373000,3.392000,192,93,0
1789336341.435842,924,31.315000,3.392000,192,94,0
1789336341.467703,926,31.859000,3.392000,192,94,0
1789336341.501010,928,33.317000,3.392000,192,94,0
1789336341.535035,930,34.020000,3.392000,192,94,0
1789336341.567592,932,32.562000,3.392000,192,94,0
1789336341.600872,934,33.284000,3.392000,192,94,0
1789336341.632943,936,32.052000,3.392000,192,94,0
1789336341.664690,938,31.764000,3.392000,192,94,0
1789336341.698643,940,33.937000,4.589000,192,94,0
1789336341.731347,942,32.719000,4.589000,192,94,0
1789336341.764320,944,32.977000,4.589000,192,94,0
1789336341.796419,946,32.100000,4.589000,192,94,0
1789336341.826882,948,30.463000,4.589000,192,94,0
1789336341.859639,950,32.758000,4.589000,192,94,0
1789336341.891593,952,31.941000,4.589000,192,94,0
1789336341.918884,953,27.303000,4.589000,192,94,0
1789336341.947614,955,28.721000,4.589000,192,94,0
1789336341.976606,957,28.988000,4.589000,192,94,0
1789336342.008894,959,32.297000,4.589000,192,94,0
1789336342.042048,961,33.143000,4.589000,192,94,0
1789336342.073790,963,31.753000,4.589000,192,94,0
1789336342.102957,965,29.156000,4.589000,192,94,0
1789336342.129701,966,26.762000,4.589000,192,94,0
1789336342.158188,968,28.486000,4.589000,192,94,0
1789336342.188139,970,29.952000,4.589000,192,94,0
1789336342.217034,972,28.895000,4.589000,192,94,0
1789336342.250185,974,33.138000,4.589000,192,94,0
1789336342.280425,975,30.249000,4.589000,192,94,0
1789336342.311513,977,31.090000,4.589000,192,94,0
1789336342.342187,979,30.661000,4.589000,192,95,0
1789336342.370323,981,28.153000,4.589000,192,95,0
1789336342.397037,982,26.709000,4.589000,192,95,0
1789336342.426626,984,29.592000,4.589000,192,95,0
1789336342.460060,986,33.424000,4.589000,192,95,0
1789336342.492047,988,31.986000,4.589000,192,95,0
1789336342.524874,990,32.836000,4.589000,192,95,0
1789336342.557252,991,32.382000,4.589000,192,95,0
1789336342.594277,993,37.026000,4.589000,192,95,0
1789336342.629549,995,35.273000,4.589000,192,95,0
1789336342.659542,997,29.993000,4.589000,192,95,0
1789336342.689776,999,30.234000,3.307000,192,95,0
1789336342.719752,1001,29.972000,3.307000,192,95,0
1789336342.752617,1003,32.859000,3.307000,192,95,0
1789336342.786544,1005,33.937000,3.307000,192,95,0
1789336342.817027,1007,30.485000,3.307000,192,95,0
1789336342.852783,1009,35.746000,3.307000,192,95,0
1789336342.887590,1011,34.798000,3.307000,192,95,0
1789336342.918664,1013,31.090000,3.307000,192,95,0
1789336342.954752,1015,36.075000,3.307000,192,95,0
1789336342.990252,1017,35.494000,3.307000,192,95,0
1789336343.022638,1019,32.399000,3.307000,192,95,0
1789336343.054803,1021,32.166000,3.307000,192,95,0
1789336343.085743,1023,30.950000,3.307000,192,95,0
1789336343.116091,1025,30.348000,3.307000,192,95,0
1789336343.146813,1027,30.722000,3.307000,192,95,0
1789336343.175974,1029,29.161000,3.307000,192,96,0
1789336343.207120,1030,31.128000,3.307000,192,96,0
1789336343.240199,1032,33.097000,3.307000,192,96,0
1789336343.269609,1034,29.411000,3.307000,192,98,0
1789336343.299483,1036,29.875000,3.307000,192,98,0
1789336343.331456,1038,31.972000,3.307000,192,99,0
1789336343.364689,1040,33.234000,3.307000,192,99,0
1789336343.397353,1042,32.664000,3.307000,192,99,0
1789336343.433631,1044,36.257000,3.307000,192,100,0
1789336343.465040,1046,31.429000,3.307000,192,100,0
1789336343.498005,1048,32.964000,3.307000,192,100,0
1789336343.531477,1050,33.473000,3.307000,192,100,0
1789336343.560374,1052,28.899000,3.307000,192,101,0
1789336343.588692,1053,28.313000,3.307000,192,101,0
1789336343.619586,1055,30.897000,3.307000,192,104,0
1789336343.648759,1057,29.176000,3.307000,192,105,0
1789336343.677743,1059,28.985000,3.841000,192,105,0
1789336343.707595,1061,29.850000,3.841000,192,106,0
1789336343.737490,1063,29.896000,3.841000,192,107,0
1789336343.768538,1065,31.047000,3.841000,192,108,0
1789336343.797522,1066,28.985000,3.841000,192,108,0
1789336343.832087,1068,34.560000,3.841000,192,108,0
1789336343.864181,1070,32.073000,3.841000,192,108,0
1789336343.894233,1072,30.080000,3.841000,192,112,0
1789336343.925917,1074,31.678000,3.841000,192,113,0
1789336343.958432,1076,32.518000,3.841000,192,113,0
1789336343.988891,1078,30.457000,3.841000,192,115,0
1789336344.019104,1079,30.210000,3.841000,192,115,0
1789336344.050485,1081,31.384000,3.841000,192,116,0
1789336344.082630,1083,32.146000,3.841000,192,117,0
1789336344.116717,1085,34.087000,3.841000,192,119,0
1789336344.146046,1087,29.330000,3.841000,192,120,0
1789336344.178969,1089,32.893000,3.841000,192,122,0
1789336344.211684,1091,32.733000,3.841000,192,123,0
1789336344.238895,1092,27.230000,3.841000,192,125,0
1789336344.271398,1094,32.495000,3.841000,192,130,0
1789336344.306096,1096,34.702000,3.841000,192,135,0
1789336344.339659,1098,33.567000,3.841000,192,135,0
1789336344.374103,1100,34.442000,3.841000,192,136,0
1789336344.406173,1102,32.063000,3.841000,192,140,0
1789336344.435680,1104,29.516000,3.841000,192,144,0
1789336344.464581,1106,28.903000,3.841000,192,147,0
1789336344.489491,1107,24.908000,3.841000,192,147,0
1789336344.516865,1109,27.374000,3.841000,192,147,0
1789336344.544679,1111,27.825000,3.841000,96,53,0
1789336344.570679,1113,26.001000,3.841000,96,55,0
1789336344.593602,1114,22.920000,3.841000,96,56,0
1789336344.618915,1116,25.310000,3.841000,96,59,0
1789336344.642472,1117,23.563000,3.841000,96,61,0
1789336344.665136,1119,22.665000,3.841000,96,63,0
1789336344.688183,1120,23.046000,3.545000,96,66,0
1789336344.709907,1121,21.720000,3.545000,96,68,0
1789336344.734806,1123,24.905000,3.545000,96,75,0
1789336344.760914,1124,26.104000,3.545000,96,75,0
1789336344.789080,1126,28.166000,3.545000,96,79,0
1789336344.816716,1127,27.631000,3.545000,96,79,0
1789336344.843949,1129,27.240000,3.545000,96,82,0
1789336344.869320,1130,25.370000,3.545000,96,83,0
1789336344.901037,1132,31.716000,3.545000,96,84,0
1789336344.931555,1134,30.523000,3.545000,96,86,0
1789336344.960316,1135,28.761000,3.545000,96,87,0
1789336344.986658,1137,26.342000,3.545000,96,88,0
1789336345.017917,1139,31.259000,3.545000,96,88,0
1789336345.049017,1141,31.101000,3.545000,96,90,0
1789336345.078960,1142,29.940000,3.545000,96,90,0
1789336345.107107,1144,28.151000,3.545000,96,90,0
1789336345.137153,1146,30.039000,3.545000,96,91,0
1789336345.166494,1148,29.349000,3.545000,96,91,0
1789336345.194878,1149,28.381000,3.545000,96,91,0
1789336345.223114,1151,28.237000,3.545000,96,92,0
1789336345.251229,1153,28.108000,3.545000,96,95,0
1789336345.281307,1155,30.087000,3.545000,96,95,0
1789336345.310370,1156,29.063000,3.545000,96,95,0
1789336345.339528,1158,29.156000,3.545000,96,95,0
1789336345.367728,1160,28.202000,3.545000,96,95,0
1789336345.395919,1162,28.184000,3.545000,96,96,0
1789336345.422017,1163,26.102000,3.545000,96,96,0
1789336345.450989,1165,28.975000,3.545000,96,96,0
1789336345.478898,1167,27.909000,3.545000,96,96,0
1789336345.506109,1169,27.213000,3.545000,96,96,0
1789336345.535130,1170,29.020000,3.545000,96,96,0
1789336345.565276,1172,30.146000,3.545000,96,96,0
1789336345.593172,1174,27.886000,3.545000,96,96,0
1789336345.618907,1175,25.744000,3.545000,96,96,0
1789336345.644870,1177,25.965000,3.545000,96,96,0
1789336345.671086,1179,26.207000,1.880000,96,96,0
1789336345.701501,1181,30.424000,1.880000,96,96,0
1789336345.730872,1182,29.359000,1.880000,96,96,0
1789336345.761095,1184,30.236000,1.880000,96,96,0
1789336345.788172,1186,27.069000,1.880000,96,96,0
1789336345.816761,1188,28.597000,1.880000,96,96,0
1789336345.841587,1189,24.825000,1.880000,96,96,0
1789336345.871002,1191,29.417000,1.880000,96,96,0
1789336345.895396,1192,24.391000,1.880000,96,96,0
1789336345.921839,1194,26.444000,1.880000,96,96,0
1789336345.949947,1196,28.111000,1.880000,96,96,0
1789336345.978126,1197,28.174000,1.880000,96,96,0
1789336346.009088,1199,30.959000,1.880000,96,96,0
1789336346.037879,1201,28.800000,1.880000,96,96,0
1789336346.062770,1202,24.889000,1.880000,96,96,0
1789336346.091404,1204,28.636000,1.880000,96,96,0
1789336346.121207,1206,29.796000,1.880000,96,96,0
1789336346.146573,1207,25.366000,1.880000,96,96,0
1789336346.175020,1209,28.455000,1.880000,96,96,0
1789336346.198671,1210,23.650000,1.880000,96,96,0
1789336346.222996,1212,24.327000,1.880000,96,96,0
1789336346.246094,1213,23.096000,1.880000,96,96,0
1789336346.271407,1215,25.315000,1.880000,96,96,0
1789336346.299446,1217,28.039000,1.880000,96,96,0
1789336346.327094,1218,27.644000,1.880000,96,96,0
1789336346.353172,1220,26.074000,1.880000,96,96,0
1789336346.379562,1221,26.396000,1.880000,96,96,0
1789336346.409715,1223,30.154000,1.880000,96,96,0
1789336346.440027,1225,30.310000,1.880000,96,96,0
1789336346.464165,1226,24.134000,1.880000,96,96,0
1789336346.491344,1228,27.187000,1.880000,96,96,0
1789336346.522051,1229,30.694000,1.880000,96,96,0
1789336346.557497,1231,35.459000,1.880000,96,96,0
1789336346.592179,1233,34.665000,1.880000,96,96,0
1789336346.622027,1235,29.866000,1.880000,96,96,0
1789336346.655279,1237,33.250000,1.880000,96,96,0
1789336346.688893,1239,33.613000,1.925000,96,96,0
1789336346.720328,1241,31.433000,1.925000,96,96,0
1789336346.756117,1243,35.796000,1.925000,96,96,0
1789336346.785265,1245,29.144000,1.925000,96,96,0
1789336346.816258,1247,30.993000,1.925000,96,96,0
1789336346.848080,1249,31.823000,1.925000,96,96,0
1789336346.877832,1250,29.753000,1.925000,96,96,0
1789336346.910130,1252,32.299000,1.925000,96,96,0
1789336346.944623,1254,34.494000,1.925000,96,96,0
1789336346.974715,1256,30.093000,1.925000,96,96,0
1789336347.003639,1258,28.915000,1.925000,96,96,0
1789336347.035516,1260,31.887000,1.925000,96,96,0
1789336347.066283,1262,30.766000,1.925000,96,96,0
1789336347.100814,1264,34.531000,1.925000,96,96,0
1789336347.130287,1266,29.468000,1.925000,96,96,0
1789336347.157843,1268,27.559000,1.925000,96,96,0
1789336347.189976,1270,32.138000,1.925000,96,96,0
1789336347.223086,1271,33.101000,1.925000,96,96,0
1789336347.252072,1273,28.995000,1.925000,96,96,0
1789336347.279679,1275,27.602000,1.925000,96,96,0
1789336347.308816,1277,29.141000,1.925000,96,96,0
1789336347.341670,1279,32.856000,1.925000,96,96,0
1789336347.371897,1281,30.227000,1.925000,96,96,0
1789336347.403787,1283,31.879000,1.925000,96,96,0
1789336347.436908,1285,33.128000,1.925000,96,96,0
1789336347.467950,1287,31.047000,1.925000,96,96,0
1789336347.497537,1289,29.587000,1.925000,96,96,0
1789336347.533184,1290,35.647000,1.925000,96,96,0
1789336347.562638,1292,29.454000,1.925000,96,96,0
1789336347.593594,1294,30.956000,1.925000,96,96,0
1789336347.622532,1296,28.939000,1.925000,96,96,0
1789336347.651181,1298,28.649000,1.925000,96,96,0
1789336347.682732,1300,31.542000,1.832000,96,96,0
1789336347.710307,1301,27.583000,1.832000,96,96,0
1789336347.740792,1303,30.487000,1.832000,96,96,0
1789336347.770796,1305,30.004000,1.832000,96,96,0
1789336347.801382,1307,30.587000,1.832000,96,96,0
1789336347.828984,1308,27.596000,1.832000,96,96,0
1789336347.857839,1310,28.854000,1.832000,96,96,0
1789336347.888150,1312,30.318000,1.832000,96,96,0
1789336347.915960,1314,27.811000,1.832000,96,96,0
1789336347.943483,1315,27.517000,1.832000,96,96,0
1789336347.970231,1317,26.754000,1.832000,96,96,0
1789336347.997773,1319,27.543000,1.832000,96,96,0
1789336348.023373,1320,25.592000,1.832000,96,96,0
1789336348.050637,1322,27.265000,1.832000,96,96,0
1789336348.075731,1323,25.099000,1.832000,96,96,0
1789336348.101058,1325,25.329000,1.832000,96,96,0
1789336348.125760,1326,24.697000,1.832000,96,96,0
1789336348.154279,1328,28.523000,1.832000,96,96,0
1789336348.183856,1330,29.575000,1.832000,96,96,0
1789336348.207519,1331,23.665000,1.832000,96,96,0
1789336348.236380,1333,28.860000,1.832000,96,96,0
1789336348.259531,1334,23.153000,1.832000,96,96,0
1789336348.291773,1336,32.238000,1.832000,96,96,0
1789336348.320779,1338,29.006000,1.832000,96,96,0
1789336348.348301,1339,27.521000,1.832000,96,96,0
1789336348.373863,1341,25.570000,1.832000,96,96,0
1789336348.399033,1342,25.167000,1.832000,96,96,0
1789336348.426906,1344,27.876000,1.832000,96,96,0
1789336348.455860,1346,28.954000,1.832000,96,96,0
1789336348.481758,1347,25.896000,1.832000,96,96,0
1789336348.509716,1349,27.960000,1.832000,96,96,0
1789336348.536227,1350,26.508000,1.832000,96,96,0
1789336348.561107,1352,24.883000,1.832000,96,96,0
1789336348.587842,1353,26.735000,1.832000,96,96,0
1789336348.614847,1355,27.007000,1.832000,96,96,0
1789336348.643779,1357,28.929000,1.832000,96,96,0
1789336348.667604,1358,23.825000,1.720000,96,96,0
1789336348.697369,1360,29.768000,1.720000,96,96,0
1789336348.725196,1361,27.827000,1.720000,96,96,0
1789336348.752639,1363,27.434000,1.720000,96,96,0
1789336348.780234,1365,27.604000,1.720000,96,96,0
1789336348.809353,1366,29.118000,1.720000,96,96,0
1789336348.835268,1368,25.915000,1.720000,96,96,0
1789336348.867143,1370,31.873000,1.720000,96,96,0
1789336348.898515,1372,31.373000,1.720000,96,96,0
1789336348.927194,1373,28.676000,1.720000,96,96,0
1789336348.955458,1375,28.271000,1.720000,96,96,0
1789336348.985815,1377,30.352000,1.720000,96,96,0
1789336349.011326,1378,25.517000,1.720000,96,96,0
1789336349.041200,1380,29.885000,1.720000,0,0,0
1789336349.067942,1382,26.742000,1.720000,0,0,0
1789336349.089749,1383,21.806000,1.720000,0,0,0
1789336349.114178,1385,24.430000,1.720000,0,0,0
1789336349.139601,1387,25.423000,1.720000,0,0,0
1789336349.164028,1388,24.427000,1.720000,0,0,0
1789336349.370395,1391,206.345000,1.720000,192,0,0
1789336349.401468,1393,31.075000,1.720000,192,0,0
1789336349.433353,1395,31.887000,1.720000,192,0,0
1789336349.463920,1396,30.553000,1.720000,192,0,0
1789336349.494198,1398,30.292000,1.720000,192,0,0
1789336349.523448,1400,29.251000,1.720000,192,0,0
1789336349.554483,1402,31.035000,1.720000,192,0,0
1789336349.586614,1404,32.131000,1.720000,192,0,0
1789336349.617767,1406,31.154000,1.720000,192,0,0
1789336349.645336,1407,27.566000,1.720000,192,0,0
1789336349.674323,1409,28.989000,17.250000,192,0,0
1789336349.704172,1411,29.840000,17.250000,192,0,0
1789336349.732918,1413,28.755000,17.250000,192,0,0
1789336349.763392,1415,30.463000,17.250000,192,0,0
1789336349.795350,1416,31.959000,17.250000,192,0,0
1789336349.829986,1418,34.640000,17.250000,192,0,0
1789336349.863691,1420,33.702000,17.250000,192,0,0
1789336349.899012,1422,35.326000,17.250000,192,0,0
1789336349.930819,1424,31.813000,17.250000,192,0,0
1789336349.971622,1427,40.804000,17.250000,192,0,0
1789336350.004477,1429,32.854000,17.250000,192,0,0
1789336350.037663,1431,33.186000,17.250000,192,0,0
1789336350.070156,1433,32.495000,17.250000,192,0,0
1789336350.105614,1435,35.459000,17.250000,192,0,0
1789336350.139040,1437,33.426000,17.250000,192,0,0
1789336350.170300,1439,31.260000,17.250000,192,0,0
1789336350.202126,1441,31.814000,17.250000,192,0,0
1789336350.237430,1443,35.305000,17.250000,192,0,0
1789336350.266743,1445,29.324000,17.250000,192,0,0
1789336350.298434,1447,31.692000,17.250000,192,0,0
1789336350.331193,1449,32.758000,17.250000,192,0,0
1789336350.364354,1451,33.161000,17.250000,192,0,0
1789336350.395833,1453,31.480000,17.250000,192,0,0
1789336350.426552,1455,30.718000,17.250000,192,0,0
1789336350.462275,1457,35.713000,17.250000,192,0,0
1789336350.496611,1459,34.349000,17.250000,192,0,0
1789336350.531079,1461,34.468000,17.250000,192,0,0
1789336350.564860,1463,33.781000,17.250000,192,0,0
1789336350.599689,1465,34.826000,17.250000,192,0,0
1789336350.630891,1467,31.206000,17.250000,192,0,0
1789336350.661869,1469,30.978000,17.250000,192,0,0
1789336350.691137,1471,29.269000,3.690000,192,0,0
1789336350.723553,1473,32.409000,3.690000,192,0,0
1789336350.760941,1475,37.381000,3.690000,192,0,0
1789336350.791428,1477,30.501000,3.690000,192,0,0
1789336350.824321,1479,32.881000,3.690000,192,0,0
1789336350.860263,1481,35.953000,3.690000,192,0,0
1789336350.901136,1483,40.864000,3.690000,192,0,0
1789336350.932602,1485,31.476000,3.690000,192,0,0
1789336350.962921,1487,30.320000,3.690000,192,0,0
1789336351.000117,1489,37.196000,3.690000,192,0,0
1789336351.037371,1491,37.255000,3.690000,192,0,0
1789336351.074868,1493,37.496000,3.690000,192,0,0
1789336351.112500,1496,37.633000,3.690000,192,1,0
1789336351.148031,1498,35.518000,3.690000,192,1,0
1789336351.186821,1500,38.804000,3.690000,192,3,0
1789336351.221191,1502,34.358000,3.690000,192,3,0
1789336351.253111,1504,31.933000,3.690000,192,3,0
1789336351.285069,1506,31.958000,3.690000,192,3,0
1789336351.325053,1508,39.983000,3.690000,192,3,0
1789336351.362093,1510,37.041000,3.690000,192,3,0
1789336351.398043,1512,35.952000,3.690000,192,5,0
1789336351.433609,1514,35.566000,3.690000,192,5,0
1789336351.475686,1517,42.069000,3.690000,192,5,0
1789336351.513121,1519,37.431000,3.690000,192,5,0
1789336351.544979,1521,31.871000,3.690000,192,7,0
1789336351.585705,1524,40.725000,3.690000,192,8,0
1789336351.622234,1526,36.530000,3.690000,192,8,0
1789336351.660265,1528,38.017000,3.690000,192,8,0
1789336351.694679,1530,34.429000,3.465000,192,9,0
1789336351.726249,1533,31.569000,3.465000,192,9,0
1789336351.759641,1535,33.391000,3.465000,192,9,0
1789336351.801333,1537,41.681000,3.465000,192,9,0
1789336351.835387,1539,34.063000,3.465000,192,10,0
1789336351.869269,1542,33.886000,3.465000,192,11,0
1789336351.900368,1544,31.099000,3.465000,192,12,0
1789336351.930060,1545,29.690000,3.465000,192,13,0
1789336351.964216,1547,34.160000,3.465000,192,13,0
1789336351.996031,1549,31.807000,3.465000,192,13,0
1789336352.027005,1551,30.982000,3.465000,192,15,0
1789336352.061473,1553,34.469000,3.465000,192,15,0
1789336352.095043,1555,33.567000,3.465000,192,16,0
1789336352.126755,1557,31.699000,3.465000,192,17,0
1789336352.157423,1559,30.684000,3.465000,192,17,0
1789336352.187395,1561,29.973000,3.465000,192,21,0
1789336352.218908,1563,31.501000,3.465000,192,25,0
1789336352.251919,1565,33.018000,3.465000,192,25,0
1789336352.291702,1567,39.773000,3.465000,192,28,0
1789336352.323468,1568,31.767000,3.465000,192,30,0
1789336352.356247,1570,32.794000,3.465000,192,31,0
1789336352.388050,1572,31.803000,3.465000,192,34,0
1789336352.420097,1574,32.048000,3.465000,192,38,0
1789336352.453303,1576,33.206000,3.465000,192,40,0
1789336352.490385,1578,37.070000,3.465000,192,41,0
1789336352.522000,1580,31.627000,3.465000,192,48,0
1789336352.552243,1582,30.244000,3.465000,192,52,0
1789336352.591413,1584,39.164000,3.465000,192,56,0
1789336352.622955,1586,31.523000,3.465000,192,58,0
1789336352.656980,1588,34.050000,3.465000,192,64,0
1789336352.688019,1590,31.039000,3.728000,192,68,0
1789336352.718090,1592,30.071000,3.728000,192,69,0
1789336352.748763,1594,30.675000,3.728000,192,70,0
1789336352.778300,1596,29.517000,3.728000,192,75,0
1789336352.809045,1598,30.762000,3.728000,192,79,0
1789336352.836155,1599,27.113000,3.728000,192,80,0
1789336352.866866,1601,30.712000,3.728000,192,88,0
1789336352.900415,1603,33.544000,3.728000,192,91,0
1789336352.932508,1605,32.099000,3.728000,192,95,0
1789336352.965627,1607,33.117000,3.728000,192,99,0
1789336352.998520,1609,32.894000,3.728000,192,101,0
1789336353.031784,1611,33.249000,3.728000,192,105,0
1789336353.066144,1613,34.373000,3.728000,192,109,0
1789336353.101383,1615,35.242000,3.728000,192,113,0
1789336353.135564,1617,34.181000,3.728000,192,117,0
1789336353.171131,1619,35.563000,3.728000,192,120,0
1789336353.209135,1621,37.994000,3.728000,192,121,0
1789336353.244645,1623,35.512000,3.728000,192,123,0
1789336353.277959,1625,33.325000,3.728000,192,127,0
1789336353.309856,1627,31.899000,3.728000,192,129,0
1789336353.341842,1629,31.984000,3.728000,192,134,0
1789336353.375183,1631,33.319000,3.728000,192,134,0
1789336353.409877,1633,34.698000,3.728000,192,136,0
1789336353.443009,1635,33.150000,3.728000,192,136,0
1789336353.478299,1637,35.295000,3.728000,192,138,0
1789336353.514557,1639,36.234000,3.728000,192,139,0
1789336353.552618,1642,38.083000,3.728000,192,139,0
1789336353.584270,1644,31.653000,3.728000,192,142,0
1789336353.616747,1646,32.478000,3.728000,192,143,0
1789336353.648051,1648,31.306000,3.728000,192,146,0
1789336353.684749,1650,36.697000,3.151000,192,146,0
1789336353.716362,1652,31.602000,3.151000,192,147,0
1789336353.750488,1654,34.112000,3.151000,192,148,0
1789336353.782989,1656,32.524000,3.151000,192,149,0
1789336353.815874,1658,32.878000,3.151000,192,150,0
1789336353.847832,1660,31.968000,3.151000,192,150,0
1789336353.881406,1662,33.573000,3.151000,192,150,0
1789336353.916158,1664,34.752000,3.151000,192,151,0
1789336353.949585,1666,33.430000,3.151000,192,151,0
1789336353.979871,1668,30.276000,3.151000,192,151,0
1789336354.012337,1670,32.465000,3.151000,192,151,0
1789336354.049917,1672,37.577000,3.151000,192,152,0
1789336354.084983,1674,35.071000,3.151000,192,152,0
1789336354.120884,1676,35.895000,3.151000,192,152,0
1789336354.156502,1678,35.622000,3.151000,192,152,0
1789336354.187399,1680,30.909000,3.151000,192,152,0
1789336354.220395,1682,32.986000,3.151000,192,152,0
1789336354.250420,1684,30.033000,3.151000,192,152,0
1789336354.283419,1686,33.001000,3.151000,192,152,0
1789336354.318870,1688,35.453000,3.151000,192,152,0
1789336354.356949,1690,38.047000,3.151000,192,152,0
1789336354.392756,1693,35.839000,3.151000,192,152,0
1789336354.423631,1695,30.873000,3.151000,192,152,0
1789336354.453874,1697,30.246000,3.151000,192,152,0
1789336354.484830,1699,30.955000,3.151000,192,152,0
1789336354.513896,1700,29.065000,3.151000,192,152,0
1789336354.551540,1702,37.629000,3.151000,192,152,0
1789336354.587958,1704,36.434000,3.151000,192,152,0
1789336354.619474,1706,31.518000,3.151000,192,152,0
1789336354.652159,1708,32.657000,3.151000,192,152,0
1789336354.687877,1710,35.746000,3.171000,192,152,0
1789336354.719287,1712,31.410000,3.171000,192,152,0
1789336354.751690,1714,32.404000,3.171000,192,152,0
1789336354.784475,1716,32.786000,3.171000,192,152,0
1789336354.822096,1718,37.610000,3.171000,192,152,0
1789336354.854829,1720,32.742000,3.171000,192,152,0
